{
  "values": {
    "DELTA_BUBBLE_MULT": 2.0051119992171413,
    "ABSORPTION_BODY": 0.30045551606091275,
    "LOW_VOLUME_FACTOR": 0.4996561161787366,
    "IMBALANCE_RATIO": 2.9995615512907636,
    "SWEEP_REVERSAL_PCT": 0.029811102494691866,
    "NN_SEQ_LEN": 9.858441276032073
  },
  "trade_count": 5490
}